first,last,prediction
1696201190,1696201199,99.99281764030457
1696201200,1696201209,99.99211430549622
1696201210,1696201219,99.98931884765625
1696201220,1696201229,99.98894333839417
1696201230,1696201239,99.99438524246216
1696201240,1696201249,99.99632239341736
1696201250,1696201259,99.99271631240845
1696201260,1696201269,99.99643564224243
1696201270,1696201279,99.99502301216125
1696201280,1696201289,99.99092817306519
